Date,Name,Year,Letterboxd URI,Rating
2024-01-16,The Batman,2022,https://boxd.it/eDGs,5
2024-01-16,The Wolf of Wall Street,2013,https://boxd.it/3C1m,4
2024-01-22,Risky Business,1983,https://boxd.it/1YUE,4
2024-02-07,Nightcrawler,2014,https://boxd.it/780m,4.5
2024-02-15,The Hateful Eight,2015,https://boxd.it/8gw8,4.5
2024-02-15,The Dark Knight,2008,https://boxd.it/2b0k,5
2024-02-15,Batman Begins,2005,https://boxd.it/2aIg,4
2024-02-15,Batman,1989,https://boxd.it/2aIU,4
2024-02-24,Fargo,1996,https://boxd.it/2aHM,4
2024-02-24,Midsommar,2019,https://boxd.it/jhxe,5
2024-03-06,The Girl with the Dragon Tattoo,2011,https://boxd.it/2Pa,4.5
2024-03-11,Stand by Me,1986,https://boxd.it/2aOe,4
2024-03-12,Ghost in the Shell,1995,https://boxd.it/1YYc,5
2024-03-16,Akira,1988,https://boxd.it/2b1i,5
2024-03-16,The Dark Knight Rises,2012,https://boxd.it/H3m,5
2024-03-20,Adaptation.,2002,https://boxd.it/26mA,4
2024-03-27,The Revenant,2015,https://boxd.it/8H5e,4.5
2024-04-06,The Lost Boys,1987,https://boxd.it/28DI,4
2024-04-16,Civil War,2024,https://boxd.it/z1jW,4
2024-04-27,The Shining,1980,https://boxd.it/29Nu,4
2024-04-27,Logan,2017,https://boxd.it/7Piy,4
2024-05-04,The Town,2010,https://boxd.it/1zyS,4
2024-05-07,Heat,1995,https://boxd.it/2bg8,3.5
2024-05-11,Ex Machina,2015,https://boxd.it/7T2k,4.5
2024-05-20,Barbie,2023,https://boxd.it/bCLK,4.5
2024-05-25,Rain Man,1988,https://boxd.it/2avw,3.5
2024-05-31,Chernobyl,2019,https://boxd.it/mkbG,5
2024-06-01,The Creator,2023,https://boxd.it/oXWq,3.5
2024-06-09,Fight Club,1999,https://boxd.it/2a9q,5
2024-07-13,Jin-Roh: The Wolf Brigade,1999,https://boxd.it/29wS,4
2024-08-25,The Crow,1994,https://boxd.it/1Yxq,4.5
2024-08-31,Django Unchained,2012,https://boxd.it/2cCk,4
2024-09-01,Sin City,2005,https://boxd.it/2aVk,4
2024-09-05,Spider-Man: Into the Spider-Verse,2018,https://boxd.it/azpY,5
2024-09-16,Near Dark,1987,https://boxd.it/1SRO,4
2024-09-20,Time Masters,1982,https://boxd.it/1Atu,4
2024-09-28,Spider-Man 3,2007,https://boxd.it/2a7Y,2
2024-10-14,Ghost in the Shell 2: Innocence,2004,https://boxd.it/1SrG,5
2024-10-21,The Silence of the Lambs,1991,https://boxd.it/2aHW,5
2024-10-21,Taxi Driver,1976,https://boxd.it/2b8y,3.5
2024-10-22,Inglourious Basterds,2009,https://boxd.it/1JzG,4
2024-10-26,Deadpool & Wolverine,2024,https://boxd.it/jq8s,3
2024-11-03,The Exorcist,1973,https://boxd.it/1Yoo,4
2024-11-10,Burning,2018,https://boxd.it/hHUa,4
2024-11-12,The Penguin,2024,https://boxd.it/QkIU,5
2024-11-16,Alien,1979,https://boxd.it/2awY,5
2024-12-01,Gladiator II,2024,https://boxd.it/kqQQ,1.5
2024-12-01,The Full Monty,1997,https://boxd.it/1YI4,4
2024-12-27,Blade,1998,https://boxd.it/1a8A,3.5
2024-12-28,Good Time,2017,https://boxd.it/fcFu,4.5
2024-12-29,Nosferatu,2024,https://boxd.it/f5eG,4
2024-12-29,Juror #2,2024,https://boxd.it/FRwU,4
2025-01-12,Lost in Translation,2003,https://boxd.it/2b0E,4
2025-01-13,A Silent Voice: The Movie,2016,https://boxd.it/d99c,5
2025-01-21,Thief,1981,https://boxd.it/1TEc,4
2025-02-10,Face/Off,1997,https://boxd.it/29I0,3.5
2025-02-16,Challengers,2024,https://boxd.it/zld0,4
2025-02-24,Whiplash,2014,https://boxd.it/7bQA,4
2025-03-25,Do the Right Thing,1989,https://boxd.it/29gA,4
2025-04-18,A Minecraft Movie,2025,https://boxd.it/zRro,2
2025-04-29,Run Lola Run,1998,https://boxd.it/2b8o,4
2025-05-16,Neon Genesis Evangelion,1995,https://boxd.it/ptEI,5
2025-05-19,Look Back,2024,https://boxd.it/LjA6,4.5
2025-05-19,Chainsaw Man,2022,https://boxd.it/J6t8,4
2025-05-31,Neo Tokyo,1987,https://boxd.it/18ls,4
2025-06-03,Gladiator,2000,https://boxd.it/2b9m,4
2025-06-07,Fallen Angels,1995,https://boxd.it/1UkW,5
2025-06-15,Blade Runner,1982,https://boxd.it/2bcA,5
2025-06-17,Chungking Express,1994,https://boxd.it/1UDa,5
2025-06-20,28 Days Later,2002,https://boxd.it/2aXU,4
2025-06-22,28 Years Later,2025,https://boxd.it/FEGM,4
2025-07-06,The Phoenician Scheme,2025,https://boxd.it/H0Ca,4
2025-07-15,Superman,2025,https://boxd.it/E9IU,4
2025-07-22,Parasite,2019,https://boxd.it/hTha,5
2025-07-22,Your Name.,2016,https://boxd.it/cUqs,5
2025-07-26,The Room,2003,https://boxd.it/1ICY,5
2025-07-27,Police Story,1985,https://boxd.it/1Zhe,4
2025-07-29,Eddington,2025,https://boxd.it/o6MC,4.5
2025-07-29,Dune: Part Two,2024,https://boxd.it/pUfA,5
2025-07-29,The Fantastic 4: First Steps,2025,https://boxd.it/mP6C,3
2025-08-03,The Naked Gun: From the Files of Police Squad!,1988,https://boxd.it/18YE,3.5
2025-08-04,The Naked Gun,2025,https://boxd.it/Da9k,3
2025-08-05,Mad Max 2,1981,https://boxd.it/1ZPg,4
2025-08-09,Being John Malkovich,1999,https://boxd.it/2ahu,4.5
2025-08-10,Avalon,2001,https://boxd.it/1V9K,3
2025-08-17,Weapons,2025,https://boxd.it/EMTM,4.5
2025-08-19,Inside Man,2006,https://boxd.it/2auS,4
2025-08-23,School Daze,1988,https://boxd.it/19Vw,3
2025-08-31,A Nightmare on Elm Street,1984,https://boxd.it/2aw0,4.5
2025-09-21,The Departed,2006,https://boxd.it/28MA,5
2025-09-21,GoodFellas,1990,https://boxd.it/29FA,5
2025-09-25,The Long Walk,2025,https://boxd.it/mic8,4.5
2025-09-29,One Battle After Another,2025,https://boxd.it/DUHM,4.5
2025-10-01,Highest 2 Lowest,2025,https://boxd.it/LcIC,3.5
2025-10-01,Sinners,2025,https://boxd.it/KQMM,4.5
2025-11-05,Interstellar,2014,https://boxd.it/4VZ8,5
2025-11-09,Chainsaw Man – The Movie: Reze Arc,2025,https://boxd.it/Kgyu,5
2025-11-23,Oldboy,2003,https://boxd.it/29R2,5
2025-12-10,Rental Family,2025,https://boxd.it/JQOw,4
2025-12-14,Nuremberg,2025,https://boxd.it/K6qU,4
2025-12-18,Anaconda,2025,https://boxd.it/KV9g,3
2025-12-27,Memento,2000,https://boxd.it/2bcK,4.5
2025-12-28,Marty Supreme,2025,https://boxd.it/Off0,5
2025-12-29,Wake Up Dead Man,2025,https://boxd.it/uAKS,3.5
2025-12-29,Knives Out,2019,https://boxd.it/jWEA,4
2025-12-29,Glass Onion,2022,https://boxd.it/oCkK,3
2025-12-31,Cube,1997,https://boxd.it/2aoU,3
2026-01-12,The Matrix,1999,https://boxd.it/2a1m,5
2026-01-13,Series 7: The Contenders,2001,https://boxd.it/1F0C,3
2026-01-19,Frieren: Beyond Journey's End,2023,https://boxd.it/MbNo,5
2026-01-20,The Lord of the Rings: The Return of the King,2003,https://boxd.it/2b5u,5
2026-01-23,Speed Racer,2008,https://boxd.it/20UQ,3.5
2026-02-02,No Other Choice,2025,https://boxd.it/nKiA,4
2026-02-02,Borat: Cultural Learnings of America for Make Benefit Glorious Nation of Kazakhstan,2006,https://boxd.it/2agQ,3
2026-02-02,Neon Genesis Evangelion: The End of Evangelion,1997,https://boxd.it/1GRM,5
2026-02-02,Death Note,2006,https://boxd.it/psEs,4
2026-02-02,Perfect Blue,1997,https://boxd.it/1W7A,4.5
2026-02-09,Dracula,2025,https://boxd.it/Lng0,2.5
2026-02-14,Scream,1996,https://boxd.it/24EC,4
2026-02-14,Big Trouble in Little China,1986,https://boxd.it/21em,3
2026-04-06,The Drama,2026,https://boxd.it/OA2w,4
2026-04-13,Project Hail Mary,2026,https://boxd.it/pEeQ,4
2026-04-15,Checkpoint Zoo,2024,https://boxd.it/IDaQ,4
